{
    "gravity_bias": [
        -0.0009203246815915121,
        -0.00025313318092841375,
        0.06815454439961859
    ],
    "mass": [
        10.874141691749289
    ],
    "force_zero": [
        8.35969197163481,
        9.956759489355186,
        -5.190670650125182,
        0.25737222911055846,
        -0.20123797906781327,
        0.02559798244843662
    ]
}